<?xml version="1.0" encoding="UTF-8"?>
<project-private xmlns="http://www.netbeans.org/ns/project-private/1">
    <editor-bookmarks xmlns="http://www.netbeans.org/ns/editor-bookmarks/2" lastBookmarkId="0"/>
    <open-files xmlns="http://www.netbeans.org/ns/projectui-open-files/2">
        <group>
            <file>file:/C:/Users/treme/OneDrive/Documentos/NetBeansProjects/PF-1.2/src/Vista/JFrame_Comprador.java</file>
            <file>file:/C:/Users/treme/OneDrive/Documentos/NetBeansProjects/PF-1.2/src/Vista/JPanel_Boleta.java</file>
            <file>file:/C:/Users/treme/OneDrive/Documentos/NetBeansProjects/PF-1.2/src/Vista/JPanel_EditarCuenta.java</file>
            <file>file:/C:/Users/treme/OneDrive/Documentos/NetBeansProjects/PF-1.2/src/Vista/JPanel_Carrito.java</file>
            <file>file:/C:/Users/treme/OneDrive/Documentos/NetBeansProjects/PF-1.2/src/Vista/JPanel_Items.java</file>
            <file>file:/C:/Users/treme/OneDrive/Documentos/NetBeansProjects/PF-1.2/src/Vista/JFrame_Vendedor.java</file>
            <file>file:/C:/Users/treme/OneDrive/Documentos/NetBeansProjects/PF-1.2/src/Vista/JPEditarProducto.java</file>
            <file>file:/C:/Users/treme/OneDrive/Documentos/NetBeansProjects/PF-1.2/src/Principal/Main.java</file>
            <file>file:/C:/Users/treme/OneDrive/Documentos/NetBeansProjects/PF-1.2/src/Gestor/Gestor.java</file>
            <file>file:/C:/Users/treme/OneDrive/Documentos/NetBeansProjects/PF-1.2/src/Vista/JFrame_Inicio.java</file>
            <file>file:/C:/Users/treme/OneDrive/Documentos/NetBeansProjects/PF-1.2/src/Vista/JFrame_Cuenta.java</file>
            <file>file:/C:/Users/treme/OneDrive/Documentos/NetBeansProjects/PF-1.2/src/META-INF/persistence.xml</file>
            <file>file:/C:/Users/treme/OneDrive/Documentos/NetBeansProjects/PF-1.2/src/Principal/Usuario.java</file>
            <file>file:/C:/Users/treme/OneDrive/Documentos/NetBeansProjects/PF-1.2/src/Persistencia/UsuarioJpaController.java</file>
            <file>file:/C:/Users/treme/OneDrive/Documentos/NetBeansProjects/PF-1.2/src/Modelo/Imagen.java</file>
        </group>
    </open-files>
</project-private>
